X1;X2;X3;X4;X5;X6
71.496;0;8.506;13.841,31;155.255,50;29
834.166;151.800;151.800;47.721,32;892.455,94;0
274.998;74.800;77.800;11.635,92;170.047,03;0
511.500;55.000;58.000;15.019,24;168.090,92;0
1.116.500;35.860;0;6.062,29;83.163,54;0
363.000;27.500;30.500;28.823,71;621.485,48;0
467.500;0;0;77.870,41;736.895,67;0
627.000;22.000;25.000;29.819,41;169.950,19;0
338.798;67.980;89.575;4.256,91;64.526,78;9
346.500;0;0;29.012,36;272.196,05;0
346.500;0;0;10.987,97;131.606,83;0
352.000;0;0;18.046,48;215.484,82;0
352.000;0;0;28.683,37;480.296,07;0
264.000;49.500;0;9.073,15;151.441,47;0
346.500;0;0;39.877,88;811.681,13;0
308.000;33.000;0;10.935,36;175.764,77;0
308.000;33.000;0;5.576,80;113.178,61;0
385.000;33.000;33.000;25.024,12;286.475,69;0
308.000;33.000;36.000;3.644,08;106.380,94;0
368.500;27.500;0;3.280,76;43.860,41;0
368.500;27.500;45.500;25.995,55;439.568,94;0
346.500;0;0;14.979,94;133.704,81;0
423.500;27.500;27.500;1.753,70;34.164,74;0
335.500;27.500;37.500;6.327,64;80.850,14;0
266.567;49.500;59.500;8.190,03;185.745,76;0
477.033;0;0;11.134,06;187.926,72;0
184.800;5.500;0;10.962,03;59.344,55;0
308.000;55.000;58.000;6.740,26;91.603,50;0
506.000;228.847;279.378;11.984,86;133.331,66;42
264.000;44.000;44.000;2.364,11;29.077,82;0
492.800;66.000;69.000;10.969,58;198.132,50;0
346.500;0;0;8.557,31;164.165,65;0
308.000;33.000;0;7.437,80;122.064,43;0
335.500;27.500;30.500;7.307,27;169.284,04;0
412.500;27.500;27.500;18.741,42;211.690,34;0
335.500;27.500;0;19.098,20;178.562,37;0
346.500;0;0;24.006,24;296.198,74;0
456.500;0;0;15.383,32;191.113,52;0
462.000;22.000;0;17.093,13;298.166,91;0
220.000;11.000;0;13.197,75;150.101,99;0
261.800;35.860;38.860;5.249,24;70.469,30;0
355.298;38.500;74.300;1.554,11;36.881,05;0
800.800;66.000;0;25.597,83;626.572,02;0
456.500;71.505;72.252;11.360,17;197.372,78;11
363.000;55.000;55.000;12.768,79;163.775,53;0
520.300;66.000;69.000;7.840,29;163.968,59;0
346.500;0;0;10.206,28;115.881,92;0
367.766;22.000;25.000;10.983,86;166.067,80;3
395.633;33.000;33.000;60.650,67;969.654,82;0
308.000;0;0;259,4;5.579,77;0
335.500;18.334;27.500;11.000,30;245.370,44;1
335.318;15.584;0;9.166,44;171.767,31;0
280.134;9.533;0;15.612,45;309.088,52;0
913.000;110.000;0;5.883,89;90.699,47;0
528.000;99.000;52.500;36.810,40;397.021,63;0
528.000;121.000;150.500;6.230,14;67.023,87;0
792.000;303.600;151.800;2.340,38;36.868,76;0
946.000;0;0;13.920,21;256.813,11;0
726.000;0;0;11.604,63;58.514,68;0
913.000;0;0;106.600,02;1.485.679,55;0
913.000;132.000;69.000;8.582,02;198.471,16;0
737.000;88.000;81.500;18.501,03;102.420,10;0
811.064;0;0;24.421,94;299.535,28;0
671.000;55.000;60.500;32.876,13;448.386,68;0
528.000;99.000;63.750;11.040,73;168.381,44;0
330.000;0;0;560,22;10.087,23;0
748.000;99.000;49.500;18.805,51;267.393,12;0
528.000;99.000;34.936;19.320,94;246.383,44;0
1.108.800;0;0;14.296,43;338.209,10;0
781.734;0;0;8.016,27;112.370,87;0
330.000;0;0;2.948,43;26.981,49;0
0;0;0;0;0;0
880.000;55.000;55.000;24.498,48;466.504,15;0
308.000;33.000;64.000;15.158,51;352.572,63;0
231.000;0;0;42.093,22;286.698,03;0
346.500;0;0;13.069,30;183.813,40;0
261.800;0;0;5.456,37;87.004,79;0
1.950.666;165.002;0;12.174,51;193.742,13;23
407.000;44.000;47.000;20.123;257.004,98;0
264.000;44.000;44.000;18.795,41;163.701,58;0
349.433;0;0;16.147,46;259.786,13;0
346.500;0;0;17.535,52;157.722,37;0
401.500;0;0;14.519,11;217.822,90;0
396.000;71.500;71.500;7.811,57;118.121,40;0
159.500;0;0;20.252,76;185.395,81;0
715.000;44.000;25.000;22.036,33;313.768,68;0
825.000;99.000;49.500;7.740,83;135.579,71;0
693.000;0;0;10.885,58;213.731,68;0
1.210.000;110.000;55.000;32.608,38;481.241,06;0
693.000;0;0;33.510,99;481.155,90;0
717.934;0;0;9.635,63;208.592,13;0
693.000;0;0;13.466,94;214.360,90;0
528.000;99.000;52.500;13.145,55;113.721,03;0
330.000;0;0;45,56;591,76;0
880.000;132.000;66.000;30.083,45;453.746,37;0
0;0;0;0;0;0
781.000;44.000;0;15.911,57;310.656,26;0
598.034;132.000;0;3.374,52;27.752,23;0
706.932;0;0;24.000,54;361.065,56;0
682.000;44.000;0;57.737,93;398.209,84;0
693.000;0;0;2.557,85;39.718,69;0
236.500;0;0;4.363,84;103.627,37;0
418.366;4.207;0;3.310,81;82.548,65;1
137.500;0;0;12.630,01;112.173,57;0
148.500;10.998;10.998;31.841;278.410,85;0
550.000;66.000;69.000;22.215,90;216.866,36;17
250.800;52.800;55.800;2.467,56;41.499,30;0
415.800;44.000;47.000;14.458,10;253.318,28;0
236.500;55.000;55.000;7.495,41;99.488,67;0
192.500;66.000;77.000;50.253,44;157.775,25;0
170.500;55.000;0;20.221,70;125.636,50;0
550.000;66.000;66.000;9.074,70;146.944,14;0
418.000;33.000;36.000;23.339,21;330.837,23;0
366.298;55.000;55.000;4.163,32;82.545,26;0
374.000;49.500;52.500;17.375,63;406.694,51;0
313.500;66.000;66.000;11.473,58;107.638,73;0
275.000;49.500;0;9.083,73;194.997,88;0
335.500;27.500;0;5.915,91;102.898,21;0
363.000;49.500;79.807;7.171,92;59.713,31;0
264.000;49.500;46.307;11.737,30;144.162,20;0
520.300;97.504;132.970;11.745,44;191.229,79;16
340.267;33.000;0;5.324,79;111.692,26;0
951.500;66.000;66.000;85.967,18;601.336,85;0
220.000;10.998;10.998;19.498,16;307.603,23;0
154.000;84.370;0;4.846,43;84.367,18;0
544.500;55.000;55.000;68.363,13;320.582,73;0
280.500;49.500;64.500;28.074,37;483.973,45;0
423.500;27.500;27.500;114.775,82;1.494.728,41;0
264.000;49.500;52.500;16.046,68;308.947,54;0
423.500;0;0;11.496,60;243.919,47;0
346.500;0;0;5.619,34;56.630,67;0
346.500;0;0;11.480,17;219.795;0
357.500;0;0;6.319,68;113.965,68;0
385.000;39.600;0;12.859,73;100.588,26;0
418.001;31.351;0;6.523,71;99.541,43;0
220.000;0;0;15.072,72;198.706,20;0
148.500;13.750;13.750;6.185,77;83.559,03;0
137.500;13.750;13.750;9.627,24;100.124,13;0
181.500;55.000;76.500;4.673,57;52.074,43;0
258.500;45.833;55.000;12.468,26;124.467,98;0
539.000;35.860;61.990;38.397,79;569.937,96;0
451.000;55.000;78.000;9.723,79;82.958,94;0
401.500;27.500;30.500;12.985,79;342.900,90;0
423.500;27.500;27.500;9.590;239.966,86;0
368.500;27.500;45.500;13.500,30;247.144,61;0
55.000;55.316;45.060;4,62;15,26;8
467.500;27.500;30.500;6.712,10;96.005,17;0
258.500;44.000;57.750;6.907,76;112.777,42;0
264.000;44.000;0;12.077,70;191.181,68;0
297.000;1.174.803;69.000;11.541,60;41.179,25;42
308.000;33.000;0;8.100,29;132.986,95;0
462.000;33.000;33.000;29.335,58;645.275,69;0
308.000;33.000;48.500;19.091,51;498.490,40;0
346.500;0;0;21.607,26;386.508,93;0
252.818;11.917;0;3.084,77;52.817,44;0
137.500;13.750;13.750;6.742,29;115.774,21;0
423.500;55.000;58.000;20.401,59;181.556,54;0
484.000;66.000;0;30.777,65;232.742,08;0
412.500;27.500;30.500;16.357,95;329.867,38;0
374.000;44.000;47.000;11.523,64;192.084,91;0
407.000;27.500;30.500;6.505,88;160.213,13;0
423.500;27.500;0;23.588,83;422.774,01;0
335.500;27.500;2.662;19.217,90;234.619,11;0
237.050;0;0;4.475,88;71.485,18;0
533.500;55.000;55.000;77.480,07;983.890,09;0
467.500;55.000;58.000;24.793,34;292.931,40;0
1.947.000;66.000;72.000;7,48;11,51;0
374.000;22.000;22.000;12.290,21;196.517,28;0
346.500;0;0;7.746,79;163.799,99;0
473.000;151.800;154.800;3.365,61;80.751,81;0
412.500;0;0;25.390,79;487.158,06;0
704.000;33.000;36.000;54.911,14;1.081.901,22;0
311.666;33.000;36.000;3.572,11;76.270,70;0
161.333;26.401;0;6.585,26;152.063,08;0
280.500;11.000;0;5.330,95;84.258,36;0
0;0;0;0;0;0
462.000;27.500;27.500;33.587,97;451.538,79;0
478.500;66.000;66.000;26.323,11;554.179,77;0
313.868;66.000;83.250;12.271,99;252.150,32;0
313.500;66.000;69.000;11.058,18;180.341,50;0
368.500;27.500;30.500;2.097,74;48.871,61;0
555.500;27.500;48.419;607,75;16.922,01;0
494.267;27.500;27.500;38.524,50;640.803,10;0
272.800;22.660;25.660;5.446,14;73.462,14;0
137.500;0;0;2.767,62;33.784,03;0
638.000;33.000;33.000;21.901,82;259.974,52;0
258.500;44.000;44.000;14.776,28;257.393,34;0
335.500;27.500;27.500;54.055,30;828.914,92;0
1.391.500;27.500;30.500;303.821,36;4.557.407,40;0
429.001;33.001;0;35.761,64;481.151,07;0
467.500;55.000;58.000;11.385,14;51.414,14;0
492.800;66.000;69.000;7.132,46;81.534,79;0
456.500;0;0;4.526,17;71.310,35;0
462.000;66.000;0;56.106,46;461.676,01;0
525.800;66.000;69.000;4.318,08;104.514,24;0
297.000;66.000;82.500;11.394,65;155.144,19;0
192.500;33.000;33.000;4.197,81;141.197,04;0
209.000;31.570;31.570;4.492,08;45.442,15;0
407.000;27.500;30.500;24.314,32;390.100,61;0
431.933;27.500;0;17.406,70;188.780,76;0
335.500;27.500;0;2.558,49;81.756,09;0
335.500;27.500;44.000;19.960,50;344.821,60;0
440.000;27.500;30.500;22.675,07;417.348,57;0
273.900;11.000;0;6.023,77;76.085,39;0
489.500;60.500;60.500;1.802,19;35.638,36;0
484.000;66.000;66.000;2.008,44;41.701,94;0
368.500;27.500;30.500;8.257,22;196.962,60;0
258.500;44.000;47.000;11.839,98;142.180,94;0
413.600;27.500;30.500;14.625,86;143.020,31;0
825.000;66.000;106.500;103.989,69;2.156.640,43;0
335.500;27.500;44.000;23.319,29;337.852,93;0
264.000;49.500;0;26.096,56;384.513,06;0
538.998;66.000;73.287;5.903,48;74.148,24;4
261.800;60.500;0;4.225,04;41.132,44;0
533.500;11.000;14.000;5.345,77;101.844,20;0
264.000;51.255;0;8.305,28;109.006,13;7
264.000;58.702;55.561;3.064,14;8.121,68;177
221.282;55.000;55.338;3.303,82;45.595,28;3
385.000;0;0;10.163,58;105.015,26;0
143.000;49.500;49.500;560,02;7.775,08;0
341.000;24.750;0;22.582,55;238.190,44;8
291.500;55.000;70.750;19.579,06;130.129,82;0
324.500;59.202;0;17.709,43;161.238,46;10
704.000;55.000;0;12.329,31;188.682,80;0
115.500;55.920;58.768;1.685,58;11.239,33;9
261.800;119.075;0;549,69;6.781,81;209
261.800;83.921;114.486;10.170,87;96.680,11;25
352.000;27.500;30.500;11.490,37;166.055,22;0
368.500;29.702;30.250;14.646,42;232.881,13;4
374.000;60.500;63.500;13.229,25;185.878,17;0
550.000;70.367;69.877;17.945,49;357.410,12;7
476.300;66.000;66.000;16.166,78;76.677,97;0
379.500;55.000;0;17.166,36;202.784,95;0
220.000;0;0;9.276,53;98.907,88;0
308.000;33.000;64.000;21.606,88;263.353,52;0
55.000;45.129;0;5,08;16,5;20
55.000;308.563;0;4,83;18,83;711
275.000;0;0;22.853,54;173.916,85;0
473.000;27.500;30.500;6.187,32;129.707,20;0
522.500;27.500;30.500;23.290,15;225.340,78;11
358.785;27.500;27.500;34.939,21;478.121,81;0
264.000;49.500;47.710;17.506,80;46.804,92;0
500.500;66.000;0;11.878,79;221.226,05;0
286.185;11.917;0;22.305,40;110.580,14;0
451.000;55.000;58.000;28.901,18;348.903,75;0
649.000;71.165;66.782;47.176,97;501.791,94;33
261.800;33.000;36.000;26.017,25;220.543,06;0
456.500;55.000;58.000;11.959,49;149.700,79;0
250.800;0;0;5.946,38;105.828,29;0
456.500;55.000;55.000;5.294,25;58.740,28;0
264.000;49.500;52.500;23.358,89;370.823,79;0
275.000;0;0;5.334,63;75.141,38;0
335.500;27.500;0;12.578,27;176.164,05;0
264.000;49.500;59.500;7.766,92;89.000,01;0
192.500;55.000;0;4.006,15;41.553,90;17
275.000;0;0;16.344,91;342.931,86;0
143.000;62.177;0;6.126,76;49.476,50;26
394.533;64.138;66.800;23.050,54;331.708,61;17
357.500;58.278;72.899;5.039,28;69.748,55;951
272.800;52.360;67.140;2.473,43;39.636,34;0
456.500;0;0;30.487,62;419.145;0
220.000;0;0;3.615,94;46.769,96;0
165.000;0;0;17.509,29;220.305,52;0
264.000;49.500;52.500;2.432,21;55.884,40;0
264.000;49.500;63.750;35.861,29;522.798,06;0
368.500;0;0;5.259,25;80.414,64;0
456.500;69.300;52.403;5.565,25;55.677,64;17
434.500;27.500;54.598;16.762,66;120.610,16;0
335.500;27.500;44.000;15.229,23;269.115,74;0
359.885;17.417;0;7.286,16;152.332,41;0
374.000;53.075;0;15.187,48;106.107,71;11
280.500;55.000;55.000;14.240,84;172.338,38;0
357.500;21.725;20.350;257.265,35;225.717,27;85
225.500;168.647;0;2.003,93;26.096,64;34
269.500;53.804;62.738;7.422,29;87.753,17;3
291.500;169.920;204.417;8.768,51;73.493,75;17
261.800;70.439;0;2.715,41;45.032,93;21
319.000;55.000;55.000;7.814,26;123.603,56;1
369.598;81.808;0;12.872,23;258.334,13;41
459.800;66.000;66.000;17.113,69;213.610,65;0
261.800;136.306;156.082;705,42;4.787,44;187
572.000;63.800;0;6.401,16;89.684,53;0
566.500;112.809;111.100;5.566,08;147.255,61;20
137.500;63.800;0;3.675,64;39.474,32;1
368.500;53.688;82.013;6.003,53;110.301,32;20
261.800;64.546;68.701;12.629,54;90.530,10;16
335.500;32.175;27.500;6.782,27;119.401,41;7
280.500;49.500;49.500;10.022,23;143.594,73;0
390.500;203.909;0;22.168,57;163.627,90;261
335.500;102.483;0;8.150,65;129.379,68;164
275.000;44.000;0;4.184,71;37.653,94;0
629.932;69.302;67.177;11.716,34;176.108,21;5
275.000;51.150;68.963;8.700,82;53.966,93;46
55.000;53.467;65.176;3,73;7,73;14
55.000;52.800;52.800;4,75;13,49;0
363.000;32.574;45.250;23.079,19;194.646,08;14
55.000;51.379;0;8,87;14,63;4
264.000;49.500;59.500;9.168,88;200.952,20;0
346.500;0;0;17.139,32;317.795,84;0
335.500;27.500;27.500;7.915,12;124.248,97;0
346.500;0;0;9.735,92;156.851,76;0
346.500;0;0;5.800,94;88.058,52;0
346.500;0;0;17.102,96;298.400,90;0
346.500;0;0;4.971,62;121.489,36;0
311.667;23.101;0;19.681,47;98.565,04;0
525.067;27.500;30.500;7.614,81;109.336,36;0
264.000;49.500;66.298;18.619,78;274.099,67;0
368.500;52.024;51.772;17.837,59;237.543,82;18
214.500;41.360;44.360;18.053,82;125.706,98;0
511.500;66.000;66.000;4.916,55;109.445,23;0
272.800;157.333;170.503;14.566,79;109.664,88;77
261.800;63.800;78.600;21.329,29;268.383,25;0
103.767;55.000;55.000;2.044,27;25.765,45;0
338.798;126.052;156.257;6.900,35;132.581,35;105
528.000;168.328;175.901;40.905,23;605.372,74;329
308.000;60.500;63.500;18.930,65;218.043,44;0
423.500;61.428;59.929;6.319,65;147.830,57;24
445.500;66.000;66.000;19.097,88;291.356,40;0
495.000;0;0;41.539,03;575.933,27;0
298.100;0;0;2.204,28;32.167,80;0
429.000;69.879;0;22.148,85;255.747,46;41
368.500;27.500;63.500;30.300,63;362.206,57;0
451.000;33.000;33.000;244.003,88;289.724,06;0
346.500;0;0;29.929,77;492.345,36;0
583.000;51.535;69.000;16.434,05;391.328,57;1
143.000;35.860;35.860;6.563,73;82.709,94;0
55.000;36.602;0;4,74;23,79;2
308.000;33.000;33.000;10.819,96;98.580,80;0
264.000;49.500;63.750;24.652,39;161.210,12;0
390.500;33.000;33.000;9.446,34;109.166,38;0
308.000;183.858;190.054;16.387,83;163.259,04;84
880.000;33.000;36.000;118.144,60;3.282.264,08;0
368.500;27.500;30.500;465.619,33;2.235.928;0
275.000;0;0;8.735,81;152.374,87;0
379.500;28.176;31.790;3.736,46;62.308,47;1
264.000;49.500;0;14.725,99;187.550,63;0
350.533;49.500;49.500;6.414,80;118.295,82;0
346.500;27.500;27.500;3.703,73;83.477,46;0
264.000;49.500;34.936;11.857,77;183.323,89;0
278.300;0;0;10.548,52;122.348,81;0
253.000;0;0;2.233,73;40.567,08;0
203.500;43.005;0;8.868,51;157.780,65;2
506.000;253.013;234.300;9.287,52;160.219,85;25
363.000;191.547;165.254;5.058,97;86.778,40;141
297.000;66.000;69.000;35.155,28;743.857,57;0
418.000;66.000;69.000;8.040,93;201.779,45;0
372.533;58.295;105.437;8.154,28;103.565,30;19
374.368;38.500;41.500;92.984,31;380.032,43;0
522.500;66.000;69.000;14.098,70;63.482,60;0
405.167;35.154;40.144;19.726,34;450.162,54;7
578.051;55.000;111.000;4.860,92;47.697,99;0
242.000;0;0;8.849,53;218.531,29;0
281.234;44.000;47.000;22.218,07;356.985,59;0
110.000;107.087;80.054;64,71;610,13;46
357.500;22.000;38.500;21.607,52;368.521,67;0
286.000;0;0;16.908,56;265.705,37;0
55.000;125.875;0;4,61;14,13;78
511.500;0;0;3.838,57;93.182,56;0
368.500;27.500;30.500;42.572,59;869.201,63;0
440.000;0;0;44.596,42;706.621;0
259.967;42.845;42.597;17.076,89;166.145,62;3
264.000;49.500;52.500;8.570,39;67.378,74;0
225.500;55.000;58.000;5.222,92;70.915,92;0
390.500;0;0;32.093,58;481.692,39;0
319.000;60.500;96.953;6.039,22;67.348,16;0
467.500;122.155;0;7.936,75;56.092,40;5
236.500;55.000;58.000;5.382,27;25.391,74;0
264.000;49.500;18.968;9.549,62;128.761,11;0
346.500;0;0;5.935,96;68.229,80;0
335.500;27.500;30.500;13.961,12;113.670,57;0
264.000;49.500;0;1.263,44;28.543,01;0
281.968;14.667;0;3.626,10;72.586,70;0
464.200;0;0;3.820,97;42.057,23;0
467.500;55.000;55.000;3,59;10,81;0
319.000;155.776;176.650;1.582,50;13.488,86;43
627.000;151.800;157.275;4.907;90.569,64;0
467.500;55.000;58.000;5.014,06;65.716,19;0
264.000;46.029;0;10.152,48;31.928,99;7
957.000;55.000;0;14.598,10;197.919,11;0
731.500;73.540;149.864;50.220,76;540.475,69;17
261.800;0;0;13.923,94;245.936,46;0
355.298;66.000;66.000;5.534,54;78.902,81;0
521.216;44.000;47.000;51.887,40;641.810,81;0
209.000;0;0;7.480,63;107.555,51;0
346.500;35.860;0;24.562,45;579.713,43;0
198.000;0;0;3.870,39;27.760,34;0
154.000;0;0;8.167,36;24.425,70;0
220.000;77.000;0;7.215,30;104.215,90;0
275.000;0;0;9.385,27;110.290,38;0
418.000;33.000;0;7.732,21;184.074,08;0
264.000;83.623;52.500;73.707,69;44.098,88;32
264.000;49.500;52.500;434,76;369,72;0
346.500;0;0;4.097,62;82.385;0
140.617;0;0;3.555,77;70.721,14;0
225.500;58.300;58.638;1.979,91;22.176,93;3
250.800;43.518;41.325;3.578,74;29.960,45;9
368.500;27.500;30.500;15.331,55;330.695,83;0
490.783;36.388;58.000;36.078,54;535.106,54;0
374.000;27.500;30.500;138.803,39;1.565.407,16;1
389.033;22.000;27.524;24.118,22;466.478,28;0
354.567;27.500;0;12.230,16;133.449,42;0
429.000;27.500;30.500;13.251,05;195.830,33;0
280.502;49.500;17.371;36.299,16;551.844,11;0
212.485;0;0;9.397,52;73.166,20;0
335.500;55.000;55.000;3.629,24;61.161,89;0
341.000;22.000;38.500;2.669,14;46.529,47;0
346.500;27.500;27.500;6.628,59;102.195,82;0
429.000;33.000;36.000;8.917,41;136.668,11;0
220.000;0;0;5.279,93;134.083,68;0
401.500;27.500;27.500;22.732,76;121.645,51;0
335.500;27.500;30.500;5.159,72;83.268,99;0
335.500;27.500;37.500;38.163,10;333.007,05;0
170.500;14.880;0;5.399,81;70.473;10
478.500;66.000;69.000;9.848,56;73.405,09;0
338.798;0;0;5.633,19;85.916,56;0
0;0;0;16.427,80;120.880,25;39
412.500;27.500;0;21.498,19;296.470,05;0
261.800;50.160;53.160;7.681,12;123.666,72;0
476.300;0;0;7.859,15;196.854,30;0
261.800;60.500;75.150;6.708,33;65.193,26;0
214.500;301.104;305.705;3.349,73;43.425,42;327
391.051;0;0;10.025,77;142.336,14;0
544.500;66.000;69.000;22.801,76;179.438,58;0
346.500;0;0;9.053,80;153.088,22;0
258.500;0;0;17.436,34;152.321,80;0
368.500;116.116;109.825;29.699,97;313.492,55;42
341.000;22.000;0;11.123,91;88.364,73;0
709.500;66.000;0;42.745,85;533.624,02;0
390.500;66.000;69.000;13.181,41;225.021,83;0
793.100;33.000;33.000;137.505,26;2.257.008,08;0
684.567;33.000;36.000;24.516,62;268.201,58;0
429.000;33.000;33.000;12.569,79;184.962,23;0
346.500;0;0;5.682,56;96.893,93;0
302.500;0;0;15.264,58;134.830,94;0
676.500;27.500;27.500;194,81;792,9;0
264.000;49.500;63.750;2.289,50;49.449,39;0
346.500;0;0;14.488,37;257.893,77;0
82.500;0;0;943,16;14.415,24;0
346.500;0;0;7.959,65;166.109,73;0
346.500;0;0;12.056,95;207.472,43;0
260.333;11.551;0;61,04;1.427,73;0
363.000;27.500;30.500;7.679,12;172.567,51;0
313.500;66.000;82.500;5.125,43;75.445,14;10
264.000;0;0;2.277,28;22.353,89;0
473.000;0;0;45.354,40;619.569,60;0
280.500;44.261;34.570;6.654,57;68.344,91;7
258.500;49.500;49.500;17.441,80;263.318,11;0
737.000;55.000;58.000;35.251,71;641.807,99;0
504.900;151.800;151.800;9.400,44;115.639,34;12
165.000;0;0;16.700,96;279.521,53;0
224.768;7.334;0;3.160,76;98.719,01;0
1.651.097;66.000;72.000;64.150,63;928.910,30;0
459.800;66.000;69.000;19.507,66;270.337,87;0
335.500;27.500;60.855;4.873,69;67.113,87;0
214.500;68.148;78.999;4.083,52;25.134,61;56
280.500;38.500;41.500;3.369,84;95.988,99;0
363.000;47.300;0;12.850,61;249.687,94;2
330.000;55.000;58.000;4.208,45;89.256,28;0
355.298;60.500;60.500;17.846,16;221.851,66;0
401.500;55.000;55.000;34.343,51;468.362,54;0
473.001;55.000;55.000;95.318,84;1.567.568,24;0
1.523.500;71.225;56.100;119.173,89;3.101.008,35;41
506.000;55.000;58.000;3.422,20;55.009,78;0
506.000;55.000;58.000;4.987,10;116.339,15;0
484.000;66.000;69.000;8.666,86;118.266,22;0
363.000;0;0;6.201,84;156.445,28;0
313.500;66.000;69.000;20.002,16;74.351,42;0
654.500;0;0;70.360,08;1.090.639,81;0
346.500;0;0;1.661,45;4.012,14;0
374.000;52.994;60.900;8.349,47;234.968,17;33
366.666;66.000;69.000;38.283,67;715.587,32;0
346.500;0;0;7.936,45;146.454,73;0
434.500;27.500;30.500;30.355,26;502.061,24;0
330.000;0;0;15.261,20;232.706,21;0
335.500;27.500;30.500;3.802,14;36.591,93;0
319.000;0;0;30.331,87;495.676,89;0
335.500;27.500;30.500;25.429,59;245.631,96;0
236.500;0;0;7.006,23;88.213,45;0
286.000;0;0;6.576,99;156.962,63;0
418.733;0;0;3.634,69;61.134,41;0
313.867;0;0;2.893,34;38.520,40;0
165.000;0;0;914,63;7.543,43;0
0;0;0;0;0;0
467.500;49.500;73.000;1.607,10;43.332,73;0
374.000;27.500;27.500;24.832,46;435.343,64;0
214.500;11.000;11.000;7.299,13;99.664,97;0
363.000;49.500;0;31.815,67;395.571,50;0
159.500;59.449;0;5.654,62;73.809,50;41
368.500;30.960;27.500;7.913,20;107.458,69;7
396.000;27.500;30.500;11.633,78;190.772,11;0
336.233;27.500;44.000;22.695,36;425.903,85;0
346.500;0;0;14.166,05;242.272,09;0
308.000;33.000;36.000;5.005,34;33.864,53;0
411.400;0;0;1.859,48;18.094,98;0
660.000;55.000;58.000;10.221,88;141.328,71;0
297.000;66.000;66.000;7.080,16;101.291,89;0
297.000;0;0;10.101,22;224.850,73;0
440.000;159.940;154.961;10.099,02;81.734,39;4
346.500;0;0;3.995,08;92.953,64;0
346.500;0;0;5.926,56;134.856,37;0
418.000;33.000;36.000;15.450,97;267.476,38;0
335.500;27.500;27.500;11.451,50;240.707,82;0
209.000;102.300;107.300;125,09;1.956,30;0
258.500;0;0;5.407,64;90.037,28;0
217.617;31.570;34.570;8.282,24;127.479,66;0
506.000;55.000;55.000;2.432,91;16.422,93;0
476.300;66.000;113.800;2.611,77;46.877,92;0
363.000;66.000;66.000;7.088,79;154.215,08;0
269.500;55.000;55.000;1.888,96;25.031,39;0
291.500;55.000;58.000;17.172,78;138.596,81;0
390.500;55.000;58.000;2.744,21;28.318,99;0
484.000;66.000;66.396;38.009,11;537.570,54;2
588.500;27.500;27.500;13.723,19;384.098,56;0
0;0;0;0;0;0
390.500;27.500;27.500;4.909,95;114.527,53;0
506.000;44.550;0;6.209,24;147.645,92;0
485.650;0;0;13.781,34;279.786,12;0
506.000;49.500;49.500;22.139,57;382.547,31;0
403.333;27.500;30.500;21.913,13;252.604,10;0
412.500;27.500;4.437;3.180,32;20.998,76;0
82.500;3.667;0;2.057,74;36.535,90;0
341.000;22.000;25.000;5.332,46;114.567,80;0
82.500;34.870;34.870;134,43;1.719,38;0
440.000;55.000;55.000;24.651,35;445.521,66;0
261.800;60.500;77.045;18.722,89;123.415,60;0
159.500;31.570;22.000;10.465,59;119.424,78;0
319.000;31.570;41.500;7.527,63;304.966,27;0
346.500;0;0;11.282,73;221.023,53;0
346.500;0;0;9.231,01;212.257,74;0
220.000;16.500;10.452;34.482,69;389.594,47;0
792.000;55.000;58.000;21.966,78;250.319,34;0
264.000;49.500;63.750;1.607,62;17.659,85;0
357.500;22.000;22.000;2.736,30;57.835,36;0
376.751;66.000;69.000;16.713,33;193.950,21;8
264.000;49.500;0;5.741,87;105.261,41;0
308.000;33.000;33.000;3.394,81;43.165,74;0
418.000;33.000;33.000;11.982,73;202.947,19;0
264.000;49.500;52.500;10.864,60;226.384,49;0
264.000;49.500;52.500;19.574,76;379.380,20;0
469.700;27.500;30.500;7.005,32;140.759,21;0
720.500;66.000;69.000;15.488,05;282.788,29;0
264.000;49.500;41.322;14.798,42;99.793,43;0
407.000;22.000;25.000;16.140,24;240.456,47;0
396.000;80.300;101.950;6.903,16;188.522,12;0
368.500;27.500;30.500;22.371,34;344.319,17;0
587.033;27.500;30.500;886,6;12.679,32;0
379.500;27.500;30.500;40.482,61;580.967,68;0
335.500;27.500;30.500;37.275,87;653.813,40;0
363.000;22.000;39.500;10.971,84;273.732,79;0
352.000;27.500;30.370;4.340,30;88.938,29;0
187.918;4.584;0;49,65;1.412,14;0
159.500;55.000;0;10.215,01;199.215,48;0
352.000;65.577;77.175;24.398,35;205.883,86;9
291.500;66.000;69.000;6.234,11;41.304,68;0
280.500;55.000;0;3.290,72;49.829,15;0
335.500;27.500;27.500;6.163,59;75.738,66;0
308.000;33.000;36.000;12.825,60;209.042,26;0
390.500;27.500;30.500;14.452,02;367.408,22;0
264.000;49.500;49.500;13.688,48;260.213,40;0
476.300;110.915;142.872;17.586,76;237.345,85;91
331.284;77.000;80.000;11.153,11;207.028;0
363.000;33.000;33.000;28.220,94;331.584,92;0
302.500;55.000;87.500;16.217,51;225.753,88;0
739.019;34.695;34.570;7.404,18;112.196,56;0
440.000;162.800;190.200;18.108,28;250.217,77;0
451.000;163.570;180.744;18.886,76;281.614,06;72
374.000;55.000;55.000;48.023,91;528.944,86;0
346.500;0;0;7.087,92;136.897,05;0
346.500;0;0;21.725,06;391.048,23;0
468.417;0;0;10.788,70;147.612,29;0
408.100;0;0;6.718,91;92.823,81;0
283.251;49.500;52.500;15.474,42;254.709,99;0
363.000;55.000;445.305;25.375,23;414.531,06;0
220.000;31.570;34.570;832,24;7.750,60;0
209.000;31.570;39.570;1.437,88;13.099,28;0
352.000;31.570;34.570;1.731,39;27.585,67;0
440.000;66.000;69.000;74.055,98;800.508,92;0
290.767;49.500;52.500;20.016,08;98.379,83;0
412.500;31.570;31.570;5.848,45;122.680,67;0
462.000;49.500;49.500;6.336,77;35.977,51;1
455.400;22.000;22.000;18.695,10;256.525,83;0
451.000;55.000;58.000;45.412;756.473,50;0
583.000;55.000;116.000;43.993,58;912.235,96;0
451.183;0;0;260,86;5.938,09;0
346.500;0;0;3.369,16;70.130,13;0
539.000;66.000;69.000;52.518,52;900.235,99;0
363.000;49.500;0;8.251,27;94.604,47;0
165.000;11.000;19.000;4.619,49;81.161,40;0
264.000;49.500;63.750;7.129,68;135.579,64;0
264.000;49.500;79.452;14.672,80;241.986,57;0
308.000;33.000;36.000;13.432,73;156.783,88;0
363.000;55.000;74.000;43.007,85;817.294,67;0
137.500;0;0;10.097,89;126.220,06;0
324.500;33.000;33.000;11.076,56;271.474,95;0
346.500;0;0;7.287,07;49.284,33;0
165.000;22.660;22.660;2.951,52;37.896,75;0
478.500;52.800;0;11.365,99;239.697,22;0
374.000;95.370;0;9.705,70;153.339,93;0
1.364.000;146.300;146.300;101.411,12;1.878.818,31;0
379.500;27.500;30.500;14.986,51;85.403,77;0
792.000;66.000;69.000;37.756,04;488.266,37;0
473.000;66.000;69.000;8.453,48;70.689,47;0
275.000;11.000;14.000;14.053,73;221.476,59;0
355.298;0;0;4.260,50;61.485,16;0
385.367;27.500;30.500;13.929,08;227.362,39;0
412.500;27.500;30.500;18.635,10;357.133,23;0
346.500;0;0;32.831,68;436.717,20;0
346.500;35.860;91.802;21.425,71;432.703,67;0
264.000;49.500;0;8.581,88;128.244,96;0
82.500;0;0;1.451,23;33.531,25;0
462.000;33.000;0;25.393,54;417.373,91;0
264.000;49.500;38.129;5.248,14;121.780,46;0
296.083;48.254;44.357;113,81;2.143,82;9
346.500;0;0;1.703,48;27.197,48;0
355.667;33.001;0;5.143,35;56.284,56;0
365.017;0;0;10.079,36;91.707,01;0
1.543.300;66.000;72.000;76.219,09;1.212.884,18;0
368.500;0;0;17.125,08;228.497,99;0
363.000;49.500;49.500;7.721,88;191.313,40;0
264.000;49.500;52.500;23.828,26;187.933,02;0
363.000;55.000;55.000;24.961,04;96.692,06;0
418.000;33.000;0;28.702,26;420.846,59;0
522.500;66.000;0;10.559,12;188.810,87;0
1.713.800;66.000;72.000;25.080,99;421.241,77;0
214.500;31.570;0;171,42;3.395,99;0
308.000;134.585;0;5.742,88;40.733,70;62
170.500;10.998;26.998;4.087,28;74.684,25;0
225.500;10.998;10.998;4.733,06;46.979,44;0
643.500;0;0;18.102,74;222.226,63;0
429.000;60.838;0;2.697,72;47.093,50;17
599.500;112.203;118.525;6.977,11;90.369,80;62
319.000;159.500;0;16.872,21;228.609,89;12
412.500;157.300;0;3.247,67;59.823,96;0
54.996;0;0;14.240,26;151.133,46;0
329.998;41.157;39.693;6.437,83;36.457,98;5
445.500;52.800;55.800;45.378,39;403.176,69;10
143.000;38.500;46.750;7.734,26;132.926,21;0
401.500;55.000;55.000;2.649,86;20.344,84;0
291.500;55.000;58.000;13.412,61;275.978,36;0
154.000;49.500;49.500;21.179,88;86.702,15;0
247.500;35.860;51.500;9.414,03;48.445,64;0
308.000;0;0;5.083,06;22.798,03;0
341.000;22.000;25.000;3.496,78;82.230,42;9
632.500;11.000;14.000;16.779,46;267.397,04;0
0;22.000;32.000;1.385,44;29.633,05;0
476.300;66.000;69.000;19.907,20;295.580,29;10
808.500;55.000;55.000;44.694,16;500.131,40;0
335.500;27.500;27.500;35.447,30;476.118,43;0
313.500;66.000;66.000;12.911,53;161.747,50;0
308.000;33.000;36.000;8.161,20;157.933,42;0
281.784;49.500;52.500;293,1;106,97;0
495.000;39.938;0;25.422,10;190.709,62;29
368.500;49.500;52.800;8.805,65;70.276,35;1
308.000;33.000;36.000;213,37;19,36;0
275.000;0;0;9.514,25;164.704,49;0
346.500;0;0;15.985,24;279.112,38;0
346.500;0;0;20.456,91;361.031,19;0
346.500;0;0;22.527,93;200.824,10;0
275.000;124.996;21.774;8.645,24;134.654,15;18
289.667;18.151;0;8.432,07;167.075,76;0
181.500;38.500;38.500;2.779,69;35.430,34;0
269.500;225.544;0;4.716,36;51.615,05;16
352.000;55.000;58.000;79.537,40;908.767,98;0
225.500;38.500;38.500;13.493,93;296.958,19;0
770.000;119.443;200.747;16.257,62;85.115,17;36
346.500;0;0;10.602,95;117.546,44;0
553.300;66.000;66.000;7.287,49;57.974,22;0
429.000;33.000;36.000;12.499,39;107.798,96;0
264.000;49.500;49.500;27.337,64;345.556,36;0
374.000;49.500;52.500;40.787,09;445.651,13;0
220.000;51.293;92.550;10.884,91;219.336,77;3
418.000;33.000;33.000;44.097,07;663.814,48;0
346.500;0;0;14.837,31;207.258,40;0
341.000;47.875;0;10.476,68;118.026,19;2
137.500;44.015;43.931;3.380,70;39.167,13;8
236.500;35.860;38.860;4.811,66;54.790,37;0
324.500;33.000;36.000;2.172,38;53.195,57;0
374.000;49.500;0;9.274,13;221.761,93;0
209.000;0;0;17.454,78;220.855,82;0
104.500;0;0;5.270,10;50.870,72;0
269.500;55.000;0;6.380,15;65.765,90;0
115.500;11.000;11.000;1.735,55;10.614,55;0
352.000;27.500;39.811;7.618,01;117.919,58;0
170.500;55.000;55.000;18.660,91;312.143,58;0
0;0;0;3,04;2,18;0
319.000;35.860;0;10.168,66;171.438,27;0
214.500;35.860;0;1.459,79;11.660;0
267.300;113.300;113.300;11.125,74;89.870,88;0
368.500;46.860;46.860;11.764,41;164.202,80;0
272.800;46.860;46.860;7.942,89;50.281,81;0
459.800;66.000;67.815;16.027,50;182.582,70;3
451.000;88.660;0;2.101,54;43.786,43;0
363.000;0;9.560;7.972,67;198.410,99;1
267.300;52.877;60.216;11.456,94;136.881,24;1
209.000;60.500;72.750;23.803,16;118.437,39;0
385.000;30.220;34.127;15.313,39;137.913,98;1
278.300;101.149;99.048;15.419,70;178.083,86;29
533.500;60.500;60.500;21.262,13;224.863,20;0
181.500;55.000;75.500;11.009,18;124.083,36;0
346.500;0;0;7.124,86;188.894,82;0
808.500;55.000;55.000;17.385,26;226.004,18;9
0;0;0;67.152,53;689.397,41;0
264.000;49.500;52.500;28.593,44;348.829,57;0
418.000;27.500;45.774;13.191,20;148.005,48;0
363.001;23.101;0;24.573,96;369.058,26;0
289.667;18.151;0;4.708,99;51.077,46;0
0;27.171;42.403;14.205,28;250.021,10;29
363.000;47.300;47.300;38.778,16;458.986,80;0
181.500;35.860;0;21.588,36;205.956,11;0
269.500;55.772;58.338;7.775,24;145.511,26;4
275.000;44.000;47.000;11.995,30;152.155,65;0
264.000;49.500;49.500;7.602,59;112.829,12;0
346.500;0;0;9.222,61;228.113,89;0
511.500;27.500;7.098;33.172,60;403.298,19;0
297.000;66.000;0;10.657,62;240.344,70;3
154.000;60.500;60.500;10.334,90;129.280,06;0
214.500;39.498;44.196;6.579,60;53.597,39;1
159.500;40.702;48.143;26.018,10;216.315,95;2
203.500;55.000;0;2.226;27.422,56;0
225.500;35.860;38.860;7.121,47;89.284,28;0
356.400;0;0;15.310,77;72.356,77;0
286.000;55.000;55.000;16.173,21;69.047,19;0
261.800;66.000;69.480;10.852,05;135.508,92;0
330.000;33.000;33.000;9.815,97;146.190,29;0
346.500;0;0;9.948,37;201.296,99;0
390.500;27.500;46.500;25.393,82;585.002,75;0
346.500;0;0;5.990,25;74.886,79;0
220.000;225.726;65.457;11.816,88;82.212,76;89
418.733;49.500;49.500;14.349,35;231.468,96;0
368.500;0;0;14.722,81;225.043,40;0
137.500;38.500;38.500;4.721,67;92.643,20;0
423.500;49.500;52.500;13.643,55;281.913,72;0
281.234;49.500;49.500;20.049,74;285.507,86;0
390.500;33.000;36.000;16.416,40;277.980,60;0
330.000;49.500;49.500;19.380,43;269.802,82;0
346.500;0;0;8.013,30;93.050,62;0
321.200;49.500;63.750;16.162,75;283.264,50;0
272.800;344.300;344.300;34.276,13;399.242;261
159.500;80.300;80.300;3.798,77;52.211,44;0
594.000;151.800;151.800;11.350,87;188.623,55;106
214.500;34.870;37.870;31.030,98;283.416,84;0
261.800;118.800;118.800;22.395,59;94.569,43;0
214.500;45.870;0;1.118,83;12.819,54;0
588.500;66.000;0;58.505,44;172.580,46;4
0;55.000;0;15.863,64;167.916,07;0
357.500;22.000;0;12.231,46;297.458,11;0
346.500;97.270;56.282;7.409,88;161.544,17;43
264.000;104.984;207.915;4.180,99;52.588,21;32
291.500;113.300;116.300;2.929,35;60.705,26;0
368.500;33.000;50.500;5.822,23;57.066,36;2
352.000;22.000;0;26.210,42;400.476,02;0
330.000;33.000;36.000;8.185,72;109.855,22;0
264.000;49.500;52.500;18.011,36;253.823,72;0
0;27.500;27.500;22.884,17;472.011,24;0
356.033;27.500;27.500;10.177,38;135.384,61;0
346.500;0;0;12.669,03;228.268,52;0
416.717;0;0;4.595,75;112.767,85;0
137.500;102.300;102.300;10.668,57;117.725,68;0
261.800;11.000;11.000;3.976,16;60.857,62;0
214.500;31.570;53.940;7.806,01;103.856,32;0
214.500;42.570;42.817;8.314,38;131.745,46;0
1.446.500;139.891;115.209;61.680,40;755.391,31;30
291.500;66.000;69.000;8.957,10;96.741,87;0
368.500;52.616;76.333;12.124,54;216.078,10;22
660.000;49.500;52.500;1.863,38;38.143,39;0
440.000;55.653;77.500;10.018,66;88.400,35;2
264.000;49.500;63.750;9.344,10;129.933,90;0
1.111.000;13.200;0;123,93;712,49;0
137.500;52.800;52.800;6.489,47;76.428,81;0
352.000;0;0;15.348,43;141.330,11;0
242.000;60.500;0;9.066,63;117.807,46;0
137.500;31.570;47.768;3.118,59;41.940,25;0
170.500;37.070;37.070;4.022,11;58.153,33;0
137.500;31.570;39.255;12.889,87;175.533,17;0
154.000;11.000;11.000;3.696,22;37.644,09;0
143.000;0;0;12.465,78;86.414,14;0
104.500;0;0;7.292,25;84.737,12;0
528.000;66.000;69.000;52.225,60;1.035.053,33;0
258.500;44.000;44.000;529,69;13.834,79;0
390.500;27.500;30.500;22.815,95;426.547,97;0
264.000;49.500;52.500;15.760,92;357.614,76;0
363.000;49.500;0;52.792,23;495.330,80;0
335.500;27.500;30.500;22.640,46;418.651,81;0
357.500;27.500;65.210;16.718,23;241.812,28;0
275.000;0;0;7.454,96;29.271,40;0
308.000;34.692;36.000;17.476,20;225.328,26;3
192.500;11.000;11.000;3.387,91;20.868,38;0
264.000;49.500;36.532;9.064,22;167.989,25;0
319.000;27.500;27.500;20.070,30;313.826,24;0
649.000;55.000;87.000;14.962,28;477.046,74;0
137.500;35.860;35.860;3.003,60;64.351,86;0
209.000;105.600;105.600;7.718,11;80.431,99;19
159.500;55.000;55.000;11.220,15;59.429,87;0
891.000;55.000;58.000;18.847,06;473.275,30;2
346.500;0;0;33.306,68;666.640,99;0
374.000;55.000;74.500;22.707,87;487.830,73;0
272.800;239.649;241.103;6.433,12;103.224,37;13
159.500;55.000;55.000;11.392,57;56.334,71;0
170.500;55.000;75.500;24.137,86;184.883,29;0
250.800;0;0;6.469,39;87.286,78;0
819.500;66.000;66.000;41.809,69;389.608,84;0
352.000;77.000;0;7.969,07;62.121,81;0
352.000;0;0;21.593,77;166.293,18;0
220.000;77.000;80.000;9.776,98;70.691,46;0
379.500;27.500;27.500;4.946,20;122.292,15;0
335.500;27.500;32.500;22.809,38;336.887,56;0
225.500;31.570;0;3.053,77;28.431,16;0
209.000;46.114;130.923;938,78;8.492,78;11
264.000;138.491;77.614;6.194,75;54.849,24;33
476.300;66.000;0;11.190,22;131.782,09;0
297.000;66.000;69.300;4.993,26;33.069,77;1
264.000;49.500;65.275;7.056,82;154.436,70;0
613.800;71.949;0;16.177,25;286.652,67;4
272.800;33.000;46.900;2.483,47;21.352,73;0
401.500;27.500;30.500;16.194,12;257.040,98;0
640.200;27.500;30.500;11.199,68;241.279,07;0
328.533;33.000;33.000;8.151,20;209.097,47;0
418.000;55.000;0;10.071,97;195.810,81;0
335.500;27.500;30.500;24.050,86;364.442,89;0
415.433;27.500;27.500;11.498,45;236.177,87;0
423.868;66.000;0;8.160,19;92.515,26;0
363.000;35.860;58.681;7.738,53;106.615,76;0
511.500;55.000;116.000;24.157,17;448.330,15;0
335.500;27.500;44.000;55.684,76;719.493,96;0
126.500;11.000;11.000;1.145,24;6.801,82;0
319.000;49.500;81.782;4.765,47;56.895,42;0
539.000;48.645;48.605;9.850,10;201.817,93;8
438.534;151.662;373.048;6.482,96;76.037,97;68
280.500;51.700;52.500;14.331,58;282.437,61;8
176.000;56.375;0;7.983,89;132.760,59;1
214.500;46.036;0;10.499,63;125.425,91;5
363.000;33.000;0;12.801,62;128.808,88;1
363.368;0;0;9.954,30;80.410,35;0
456.500;66.000;69.000;15.089,45;276.791,84;0
423.500;60.784;82.500;9.138,32;152.973,74;1
335.500;440;0;10.228,34;96.927,86;0
292.051;44.858;0;12.567,76;298.088,87;1
374.000;49.500;0;57.487,17;98.467,72;0
280.500;49.500;52.500;17.649,34;236.975,06;0
363.000;44.000;44.000;1.847,93;30.747,47;0
363.000;44.000;44.000;16.102,34;336.183,39;0
317.900;66.000;0;33.573,59;439.277,42;0
374.000;49.500;52.500;21.000,29;202.487,28;0
302.500;154.002;151.800;27.195,06;259.573,45;35
495.000;55.000;55.000;24.540,25;228.063,43;0
137.500;109.601;80.597;5.469,88;88.651,99;24
352.000;118.800;136.614;4.585,25;75.386,21;85
258.500;106.040;0;8.854,01;153.601,12;98
412.500;22.000;22.000;12.749,36;251.457,26;0
291.500;49.500;49.500;8.085,79;167.236,36;0
412.500;27.500;0;3.845,96;25.374,58;0
423.500;71.518;85.683;12.269,02;95.130,81;24
286.000;0;0;11.328,43;104.603,43;0
231.000;110.000;110.383;16.858,21;334.452,78;0
346.500;0;0;5.597,38;172.504,42;0
346.500;0;0;13.942,40;119.816,37;0
346.500;0;0;20.031,46;272.424,28;0
0;49.500;52.500;4,52;10,1;0
55.000;62.654;106.176;3.189,42;44.708,36;5
143.000;38.500;38.500;16.887,96;189.975,05;0
396.000;55.000;55.506;16.349,99;97.846,95;0
275.000;58.023;65.631;16.605,98;285.941,57;10
412.500;55.000;0;14.746,92;108.868,31;0
286.000;22.000;0;2.783,32;53.380,28;0
410.667;0;0;9.617,69;178.593,91;0
381.334;18.333;0;11.577,66;231.244,54;0
215.233;8.067;0;3.224,85;41.007,84;5
605.000;55.000;58.000;10.541,87;149.847,02;0
569.067;49.500;52.500;10.048,18;260.263,93;0
16.500;49.500;0;3.582,47;82.316,75;1
473.000;162.800;0;6.341,62;115.619,66;127
660.000;55.000;0;35.334,42;571.153,17;0
533.500;61.509;84.594;16.910,97;140.596,97;6
462.000;55.000;58.000;33.564,58;654.070,69;0
324.500;33.000;36.000;30.487,01;340.402,57;0
183.700;52.800;0;62.764,36;145.227,47;351
55.000;40.514;49.160;4,47;14,63;3
308.000;79.734;51.461;10.430,09;272.370,75;24
550.000;49.500;76.750;3.219,30;48.999,49;0
286.000;0;0;11.495,04;215.311,40;0
374.000;49.500;0;12.176,56;211.029,69;0
346.500;0;0;22.690,21;259.750,68;0
286.000;22.000;0;8.478,58;85.502,76;0
264.000;49.500;0;8.516,58;77.836,20;0
396.000;22.000;3.548;17.362,22;293.530,38;0
81.950;0;0;4.109,26;33.984,75;0
264.000;49.500;3.194;1.061,06;19.761,24;0
275.000;10.807;0;5.835,23;100.751,84;1
81.950;2.933;0;394,94;7.246,63;0
82.500;0;0;412,39;8.554,32;0
261.800;66.000;69.000;21,68;22,86;0
261.800;77.000;80.000;1.121,53;4.131,77;0
341.000;81.640;153.286;9.279,92;163.398,16;15
137.500;38.676;0;3.767,20;38.592,61;1
489.500;55.000;55.000;21.176,04;395.128,30;0
473.000;55.000;0;70.340,73;905.278,38;0
528.000;373.340;530.730;8.095,54;129.915,31;293
451.000;60.500;63.500;615,81;11.132,01;0
610.500;60.500;0;12.656,45;187.856,32;0
258.500;45.015;48.691;4.443,68;86.735,99;1
627.000;66.000;132.000;119.153,28;876.610,16;0
476.300;66.000;71.568;6.996,54;107.566,22;5
487.300;66.000;66.000;21.636,30;206.058,84;0
390.500;49.500;52.500;8.611,03;109.887,59;0
368.500;86.199;67.827;21.027,12;231.887,34;19
407.000;66.000;66.000;6.354,71;86.865,14;0
361.533;22.000;0;9.225,91;76.504,51;0
297.000;66.000;69.000;11.070,17;111.996,86;0
342.833;27.500;30.500;5.501,42;98.523,25;0
346.500;0;0;21.917,93;396.118,21;0
214.500;0;0;6.854,17;90.108,87;0
264.000;49.500;49.500;15.317,61;128.144,52;0
374.000;49.500;88.000;9.085,88;60.315,23;0
258.500;49.500;0;10.803,76;254.346,13;0
264.000;79.370;136.680;4.156,63;88.114,48;17
531.300;0;0;12.344,68;81.340,27;0
390.500;27.500;27.500;16.457,62;434.202,63;0
335.500;27.720;0;4.020,02;109.592,77;1
314.966;27.500;27.500;3.320,08;54.387,98;0
390.500;27.500;30.500;4.227,66;81.425,15;0
272.067;49.500;52.500;15.163,29;148.202,33;0
264.000;49.500;78.000;68.763,10;798.832,89;0
437.433;27.500;30.500;12.782,12;350.661,35;0
355.667;33.380;0;10.923,18;155.152,59;1
388.117;0;0;329,46;5.322,73;0
469.700;27.500;30.500;15.573,34;336.320,41;0
484.000;60.500;60.500;2.939,89;33.928,84;5
528.000;55.000;0;268.054,56;2.805.975,51;0
0;35.860;48.860;8,25;11;0
264.000;49.500;0;9.870,80;109.149,56;0
346.500;0;0;17.986,84;407.802,80;0
321.567;27.500;30.500;9.834,07;50.911,05;0
390.500;27.500;46.403;3.280,53;53.807,49;0
346.500;0;0;11.082,95;249.792,23;0
335.500;27.500;44.000;21.117,42;290.960,90;0
396.000;22.000;0;5.649,59;137.838,46;0
516.267;0;0;17.999,74;283.534,31;0
82.500;0;0;12.245,42;116.103,55;0
1.864.500;66.000;66.000;32.226,76;552.675,04;0
616.732;22.000;0;7.465,41;98.403,81;0
294.251;60.600;80.015;11.293,50;128.997,91;19
370.333;36.301;0;6.106,80;89.912,72;1
214.500;40.733;40.673;6.149,40;98.974,07;3
412.500;151.800;155.103;4.532,55;28.873,51;55
1.842.500;30.140;60.247;489.767,86;6.894.786,14;0
264.000;49.500;52.500;22.183,98;238.548,84;0
214.500;35.860;38.860;8.250,85;84.102,29;0
137.500;38.500;38.500;8.749,92;111.522,15;0
0;33.000;36.000;569,2;3.167,95;0
264.000;49.500;52.500;12.364,60;98.608,97;0
264.000;49.500;49.500;27.357,68;327.366,13;0
346.500;0;0;9.858,96;124.865,87;0
330.000;49.500;0;12.124,10;128.795,64;0
346.500;0;0;18.795,91;338.473,54;0
214.500;52.800;55.800;2.450,67;45.070,50;0
357.500;0;0;36.596,15;371.407,95;7
214.500;58.300;58.300;1.260,58;16.415,32;0
313.500;44.000;49.247;8.812,93;110.780,52;0
456.500;0;0;50.611,99;819.964,52;0
264.000;49.500;79.030;12.642,79;133.637,74;0
478.500;55.000;55.000;34.502,18;531.548,78;0
280.500;66.000;69.000;23.204,37;234.334,23;0
308.000;33.000;0;18.540,21;357.553,23;0
330.000;33.000;49.718;31.524,01;682.241,20;0
379.500;27.500;27.500;10.099,54;166.840,57;0
506.000;55.000;58.000;18.234,30;462.920,90;1
814.000;55.000;55.000;75.791,79;600.025,44;0
1.019.151;870.098;922.759;43.677,23;427.421,91;342
0;74.800;74.800;7.107,47;109.652,25;0
687.500;108.570;0;37.690,22;449.299,73;385
509.300;66.000;66.000;32.105,17;487.948,41;0
104.500;0;0;26.775,45;374.766,92;48
396.000;55.000;0;23.324,48;301.285,05;0
341.000;22.000;25.000;12.713,65;343.860,90;0
264.000;49.500;0;36.284,39;375.856,97;0
313.500;66.000;66.000;47.038,61;796.792,98;0
371.067;27.500;30.500;25.085,61;375.736,42;0
346.500;0;0;13.435,43;269.658,20;0
418.000;27.500;0;6.042,62;67.192,83;0
264.000;49.500;52.500;931,01;15.275,11;0
261.800;77.000;77.000;4.426,88;99.938,48;0
264.000;49.500;32.554;6.646,42;66.798,73;0
390.500;27.500;30.500;12.172,49;196.407,47;0
363.000;49.500;0;8.446,67;140.315,61;0
368.500;27.500;27.500;20.515,86;182.665,06;0
368.500;27.500;30.500;10.267,82;52.654,53;0
335.500;27.500;30.500;19.534,28;261.869,03;0
350.167;0;0;13.813,27;321.742,70;0
137.500;38.500;46.500;6.726,57;84.112,73;0
555.500;66.000;69.000;27.877,70;261.695,22;0
359.335;55.455;69.000;831,93;15.574,93;0
1.354.102;0;9.548;611.023,67;7.647.401,17;0
429.000;0;0;18.434,12;407.132,24;0
456.500;66.000;89.000;36.237,95;589.190,10;0
346.500;0;0;55.690,52;681.930,68;0
416.717;0;0;5.775,03;60.565,14;0
408.100;0;0;9.420,12;131.617,49;0
404.250;0;0;3.699,79;44.268,98;0
514.800;66.000;66.000;11.917,19;186.206,12;0
1.496.000;55.000;61.000;46.695,09;743.782,53;0
